Berufsgattung,Bezeichnung,Total (in T),Frauenanteil,Auslaenderanteil,Exposure,Proximity,Exp_Prox,ISCO_kurz,Orig_Source
1111.0,Angehörige gesetzgebender Körperschaften,1.5328182939240371,35.61899675529111,3.163580358457125,10.95,48.85,29.9,11,0
1112.0,Leitende Verwaltungsbedienstete,15.411760811625228,35.35633219800785,13.176327340778514,12.5,49.5,31.0,11,1
1114.0,Leitende Bedienstete von Interessenorganisationen,3.8744658204505216,46.67860977466507,23.953760497879102,9.4,48.2,28.8,11,1
1120.0,Geschäftsführer und Vorstände,102.85204174101524,22.834956557206723,22.75774611965879,10.95,48.85,29.9,11,0
1210.0,"Führungskräfte in der betrieblichen Administration und in unternehmensbezogenen Dienstleistungen, onA",24.56501259917664,47.19485024665453,23.64338599020141,8.097222222222221,45.21111111111111,26.65416666666667,12,0
1211.0,Führungskräfte im Bereich Finanzen,15.03446966205566,35.79583536805161,26.849039974094865,5.5,44.0,24.75,12,1
1212.0,Führungskräfte im Personalwesen,13.339335465759877,73.30778608592607,13.942535975872872,4.333333333333333,39.666666666666664,22.0,12,1
1213.0,Führungskräfte in Unternehmenspolitik und -planung,9.084238981443336,25.03820356101926,45.746376072168836,8.097222222222221,45.21111111111111,26.65416666666667,12,0
1219.0,"Führungskräfte in der betrieblichen Administration und in unternehmensbezogenen Dienstleistungen, anderweitig nicht genannt",9.89779732534693,33.91696205424961,31.079217302392692,24.25,50.5,37.375,12,1
1221.0,Führungskräfte in Vertrieb und Marketing,43.67766591572519,29.30690294211648,28.75965784938265,2.5,47.5,25.0,12,1
1222.0,Führungskräfte in Werbung und Öffentlichkeitsarbeit,5.715149662340135,63.79989474638315,31.354470331183308,1.0,46.0,23.5,12,1
1223.0,Führungskräfte in Forschung und Entwicklung,7.377874447632902,21.488905601486564,36.81814669658209,11.0,43.6,27.3,12,1
1300.0,"Führungskräfte in der Produktion und bei spezialisierten Dienstleistungen, onA",1.705666037224375,7.671377995361766,11.39964302962504,15.194444444444445,50.52777777777778,32.861111111111114,13,0
1311.0,Führungskräfte in der Produktion in Land- und Forstwirtschaft,0.7533961776779774,17.11925293411967,9.920300699540007,4.666666666666667,55.666666666666664,30.166666666666664,13,1
1320.0,"Führungskräfte in der Produktion von Waren, im Bergbau und im Bau sowie in der Logistik, onA",5.430368850501209,3.507457650484511,15.124641158147995,15.194444444444445,50.52777777777778,32.861111111111114,13,0
1321.0,Führungskräfte in der Produktion von Waren,27.763628000568954,22.558784054196707,26.012379769534306,7.5,48.0,27.75,13,1
1323.0,Führungskräfte in der Produktion im Bau,8.473729728388127,3.4264188169547936,17.6172593852514,4.0,50.0,27.0,13,1
1324.0,"Führungskräfte in der Beschaffung, Logistik und in verwandten Bereichen",19.34542218818463,19.968893093960148,30.558618863135237,5.333333333333333,47.333333333333336,26.333333333333336,13,1
1330.0,Führungskräfte in der Erbringung von Dienstleistungen im Bereich Informations- und Kommunikationstechnologie,10.444590378605216,8.510255390445266,28.224784833306018,1.0,41.0,21.0,13,1
1340.0,"Führungskräfte in der Erbringung von spezialisierten Dienstleistungen, onA",2.3868659042566756,46.71153939527725,12.298396316072541,15.194444444444445,50.52777777777778,32.861111111111114,13,0
1341.0,Führungskräfte in der Erbringung von Dienstleistungen der Kinderbetreuung,2.561151641277631,92.07719497211009,6.657308740742863,40.0,75.0,57.5,13,1
1342.0,Führungskräfte in der Gesundheitsversorgung,3.2009318997239204,59.42208548114462,26.94186385753649,34.0,45.0,39.5,13,1
1343.0,Führungskräfte in der Erbringung von Dienstleistungen für Menschen im Alter,0.44243794467733,36.58933654146615,8.160033954071167,15.194444444444445,50.52777777777778,32.861111111111114,13,0
1344.0,Führungskräfte in der Erbringung von Dienstleistungen der sozialen Institutionen,3.3239017837643487,59.942568134804006,14.187776695050275,26.0,42.0,34.0,13,1
1345.0,Führungskräfte in der Erbringung von Dienstleistungen des Bildungswesens,9.542425015150085,47.31872222590683,9.224979231586815,14.25,50.75,32.5,13,1
1346.0,Führungskräfte in der Erbringung von Finanz- und Versicherungsdienstleistungen,7.713124312065202,21.174086196584838,31.083342234774406,15.194444444444445,50.52777777777778,32.861111111111114,13,0
1349.0,"Führungskräfte in der Erbringung von spezialisierten Dienstleistungen, anderweitig nicht genannt",4.844144885214836,46.1172103925095,23.220407448483456,15.194444444444445,50.52777777777778,32.861111111111114,13,0
1411.0,Führungskräfte in Hotels,7.226950996392369,46.630487835102095,29.6348743995906,4.0,49.0,26.5,14,1
1412.0,Führungskräfte in Restaurants,19.560813034829557,43.84101352171334,31.490441947881635,10.0,78.0,44.0,14,1
1420.0,Führungskräfte in Gross- und Einzelhandel,4.0184069545712475,30.331333170149193,22.7033042195893,10.333333333333334,67.66666666666667,39.0,14,0
1431.0,"Führungskräfte in der Erbringung von Dienstleistungen im Bereich Sport, Erholung und Kultur",2.7960038645762055,46.683725028095154,18.541140407967205,17.0,76.0,46.5,14,1
1439.0,"Führungskräfte in der Erbringung von Dienstleistungen, anderweitig nicht genannt",0.3802186943791214,16.443563824678122,16.602802398784164,10.333333333333334,67.66666666666667,39.0,14,0
2100.0,"Naturwissenschaftler, Mathematiker und Ingenieure, onA",1.8645069401848042,33.713356427093245,50.59270617551683,5.907514586862413,46.59639092791267,26.25195275738754,21,0
2111.0,Physiker und Astronomen,2.3114920475389003,22.98741110005703,41.63908426288918,2.0,39.333333333333336,20.666666666666668,21,1
2112.0,Meteorologen,0.46307114868035393,32.38265829009926,35.37067440062181,1.0,46.0,23.5,21,1
2113.0,Chemiker,4.07619693928291,27.206560046838604,43.13803379984766,12.5,51.5,32.0,21,1
2114.0,Geologen und Geophysiker,1.2164290336639991,20.545622154049653,21.565824907212118,6.5,39.5,23.0,21,1
2120.0,"Mathematiker, Aktuare und Statistiker",4.042812929190785,29.050991774297515,41.99603917793597,2.142857142857143,39.0,20.571428571428573,21,1
2131.0,"Biologen, Botaniker, Zoologen und verwandte Berufe",7.088327671224475,48.34006197711667,45.66576703893047,30.545454545454547,44.81818181818182,37.68181818181819,21,1
2132.0,"Agrar-, Forst- und Fischereiwissenschaftler und -berater",2.338010166154066,22.727812388355403,15.857524868425756,8.5,42.0,25.25,21,1
2133.0,Umweltwissenschaftler,2.8462725530858903,42.94880336523506,23.418125885158005,6.571428571428571,48.285714285714285,27.428571428571427,21,1
2140.0,"Ingenieurwissenschaftler (ohne Elektrotechnik, Elektronik und Telekommunikation), onA",19.908171495268423,9.232169563111952,38.22848013477618,5.907514586862413,46.59639092791267,26.25195275738754,21,0
2141.0,Prozess- und Produktionsingenieure,6.61440514214772,15.97056764908747,35.766422822821696,3.5,52.0,27.75,21,1
2142.0,Bauingenieure,9.833927412502751,9.74029336905366,25.174670505628995,4.5,46.5,25.5,21,1
2143.0,Umweltschutzingenieure,0.9973564542571662,27.88792885987003,14.96235250579717,18.0,43.5,30.75,21,1
2144.0,"Maschinenbau- , Mechatronik- und Systemtechnikingenieure",8.249211733261314,5.554267427987128,29.32417660898186,2.5714285714285716,51.57142857142857,27.07142857142857,21,1
2145.0,Chemieingenieure,1.292264550894568,31.64969370717968,40.784741131351986,11.0,45.0,28.0,21,1
2149.0,"Ingenieure, anderweitig nicht genannt",3.378840410402707,16.860825916302943,42.8069514051812,8.375,49.375,28.875,21,1
2151.0,Ingenieure im Bereich Elektrotechnik,5.428171491800701,2.2277383260916963,17.768635281753802,1.0,48.0,24.5,21,1
2152.0,Ingenieure im Bereich Elektronik,3.2879469999235353,3.843417702632678,30.243637732726768,0.0,44.0,22.0,21,1
2153.0,Ingenieure im Bereich Telekommunikationstechnik,0.9792201578501577,7.588427080662655,41.123804892169964,4.5,48.0,26.25,21,1
2161.0,Architekten,28.461867462405525,30.27024312864617,25.008634253561908,2.0,53.0,27.5,21,1
2162.0,Landschaftsarchitekten,1.5303257342352987,42.257467077129945,28.43924726190471,0.0,47.0,23.5,21,1
2163.0,Produkt- und Textildesigner,6.074387495254022,45.72886463929152,24.366411636935112,0.0,48.5,24.25,21,1
2164.0,"Raum-, Stadt- und Verkehrsplaner",2.7647665129724244,17.53224428591173,13.567036113685234,6.0,54.0,30.0,21,1
2165.0,Kartografen und Vermessungsingenieure,1.5747742621740346,14.697793022671618,17.466618891350933,4.666666666666667,47.333333333333336,26.0,21,1
2166.0,Grafik- und Multimediadesigner,11.80325722649581,48.61947074162533,16.768819738895743,0.0,43.5,21.75,21,1
2210.0,"Ärzte, onA",23.7633439087482,50.865901542743295,34.85453595650233,76.06045918367347,84.33656462585034,80.1985119047619,22,0
2211.0,Allgemeinärzte,2.0559762408997737,58.730481393488446,32.03642378215362,88.73333333333333,81.53333333333333,85.13333333333333,22,1
2212.0,Fachärzte,24.44522661984559,49.23539091357933,33.48810923609264,85.0,88.75,86.875,22,1
2221.0,Pflegedienstleiter und Pflegefachkräfte,93.07685021097406,85.17834553925329,24.847063664785395,92.57142857142857,87.42857142857143,90.0,22,1
2222.0,Geburtshilfespezialisten,3.748159029451313,98.71740443966941,12.692179704339935,89.0,97.0,93.0,22,1
2230.0,Spezialisten der traditionellen und komplementären Medizin,7.516038625732436,77.51147249389722,13.20008575507562,83.66666666666667,90.0,86.83333333333334,22,1
2250.0,Tierärzte,3.613157296443665,59.800878335979675,31.692864772289298,89.0,91.0,90.0,22,1
2261.0,Zahnärzte,6.014549154456882,45.22530079195245,29.99872830716582,90.0,97.0,93.5,22,1
2262.0,Apotheker,6.420219544584941,77.02928119256919,25.638656835997296,76.0,72.0,74.0,22,1
2263.0,Spezialisten in den Bereichen Umwelt- und Arbeitsmedizin sowie Hygiene,0.42977411418897676,22.913081498129017,26.037599495319242,34.0,64.5,49.25,22,1
2264.0,Physiotherapeuten,16.980556195989912,75.08267957629096,27.02469348521626,61.0,96.5,78.75,22,1
2265.0,Diätologen und Ernährungsberater,2.29784232664727,90.01455035409703,16.580589671404525,79.0,69.0,74.0,22,1
2266.0,Audiologen und Sprachtherapeuten,4.177747245565095,96.22629755467858,12.553177320105107,60.0,73.0,66.5,22,1
2267.0,Optometristen und Orthoptisten,0.9941797768877014,61.60151056348506,21.08782631656682,75.0,90.0,82.5,22,1
2269.0,"Spezialisten in Gesundheitsberufen, anderweitig nicht genannt",12.955825986685964,83.51551393061759,12.91682665747011,61.875,83.0,72.4375,22,1
2300.0,"Lehrkräfte, onA",6.232162175495554,55.96085837334737,14.687355754606727,25.868095238095236,69.50714285714285,47.687619047619044,23,0
2310.0,Universitäts- und Hochschullehrer,17.894092993179218,41.76803346867603,27.52174795941289,13.714285714285714,48.57142857142857,31.142857142857142,23,1
2320.0,Lehrkräfte im Bereich Berufsbildung,11.176574009289284,49.78718841049656,7.209472503556981,23.666666666666668,77.0,50.333333333333336,23,1
2330.0,Lehrkräfte im Sekundarbereich,47.427608492455775,58.67291545456687,10.109408230052011,17.0,70.0,43.5,23,1
2341.0,Lehrkräfte im Primarbereich,60.404014553126125,82.21613858772,7.849740845703153,50.0,74.5,62.25,23,1
2342.0,Lehrkräfte und Erzieher im Vorschulbereich,28.56645980040469,96.35981403028266,11.118573261086127,60.0,81.0,70.5,23,1
2351.0,Pädagogik- und Didaktikspezialisten,6.027498637208952,63.01679145751546,14.757244884798936,8.5,51.5,30.0,23,1
2352.0,Lehrkräfte im Bereich Sonderpädagogik,14.92367241716217,83.9595091839188,8.368212496245093,48.8,83.0,65.9,23,1
2353.0,Sprachlehrer,10.073699672736122,82.81369921540332,29.27697492067746,13.5,78.0,45.75,23,1
2354.0,Musiklehrer,10.28927311097322,54.80073304113394,19.047122421087806,25.868095238095236,69.50714285714285,47.687619047619044,23,0
2355.0,Kunstlehrer,2.323674251176516,77.70487501719879,21.53704167859543,25.868095238095236,69.50714285714285,47.687619047619044,23,0
2356.0,Ausbilder im Bereich Informationstechnologie,0.6228998164115744,34.76017185079462,22.008584662098002,2.0,59.0,30.5,23,1
2359.0,"Lehrkräfte, anderweitig nicht genannt",3.459912963434367,66.24925898935493,13.388007613404355,21.5,72.5,47.0,23,1
2400.0,"Betriebswirte und vergleichbare Spezialisten, onA",2.6975785445878655,60.2534825845518,33.77122632793498,2.888888888888889,45.824074074074076,24.35648148148148,24,0
2411.0,"Wirtschaftsprüfer, Steuerberater und verwandte Berufe",26.041742171143646,36.02164274254369,20.348476944161746,2.75,47.5,25.125,24,1
2412.0,Finanz- und Anlageberater,20.681140768450557,23.945619867476893,19.767416511434064,1.0,42.0,21.5,24,1
2413.0,Finanzanalysten,10.027925754262622,32.82514958562946,39.835502659816854,1.5,53.0,27.25,24,1
2421.0,Spezialisten im Bereich Management- und Organisationsanalyse,21.569257022152275,27.88337144883849,34.08140441607516,4.25,49.75,27.0,24,1
2422.0,Spezialisten in der strategischen Planung in Politik und Wirtschaft,2.224729418747067,58.84757852347095,43.545839944776155,4.166666666666667,51.5,27.833333333333332,24,1
2423.0,Berufsberater und -analytiker und vergleichbare Spezialisten der Personalwesen,17.518183265729995,68.79134576561165,17.3467772993791,3.0,41.333333333333336,22.166666666666668,24,1
2424.0,Fachkräfte in Personalschulung und -entwicklung,5.618753493417299,47.008732449186766,17.244088917318948,2.888888888888889,45.824074074074076,24.35648148148148,24,0
2431.0,Fachkräfte in Marketing und Werbung,33.55056763661881,43.40620079856824,28.0702734449831,0.0,36.0,18.0,24,1
2432.0,Fachkräfte in der Öffentlichkeitsarbeit,5.6897739973988575,62.61772499451281,13.2385316737316,4.0,46.0,25.0,24,1
2433.0,Technische Verkaufsfachkräfte (ohne Informations- und Kommunikationstechnologie),11.304723536080303,16.293090590493605,17.662606016821996,5.333333333333333,45.333333333333336,25.333333333333336,24,1
2500.0,"Spezialisten in der Informations- und Kommunikationstechnologie, onA",21.876199533163984,6.345721872234918,17.11163598607419,3.2870370370370368,47.416666666666664,25.35185185185185,25,0
2510.0,"Entwickler und Analytiker von Software und Anwendungen, onA",4.701778073784436,7.983092156276641,36.843889192674034,3.2870370370370368,47.416666666666664,25.35185185185185,25,0
2511.0,Systemanalytiker,26.707384521180987,16.257319814615215,37.48527380951426,17.333333333333332,47.0,32.166666666666664,25,1
2512.0,Softwareentwickler,50.628598148511884,10.668688643782659,30.006640967469536,0.0,47.5,23.75,25,1
2513.0,Mediamatiker,4.655288462252953,24.17512480703826,21.98338814200217,1.0,44.0,22.5,25,1
2514.0,Anwendungsprogrammierer,5.275134023583437,6.113112115776133,19.794622175672387,0.0,39.0,19.5,25,1
2519.0,"Entwickler und Analytiker von Software und Anwendungen, anderweitig nicht genannt",0.23022935084357832,38.96185688407575,15.619316526982828,1.75,45.75,23.75,25,1
2521.0,Datenbankentwickler und -administratoren,3.500789874026418,29.71272185593523,30.369464905866977,4.0,52.0,28.0,25,1
2522.0,Systemadministratoren,3.5166531831782377,3.9279266692932424,19.573759847662416,3.0,54.0,28.5,25,1
2523.0,Fachkräfte für Computernetzwerke,2.126112101212456,8.65647107483332,20.324860739498646,1.5,45.5,23.5,25,1
2529.0,"Fachkräfte für Datenbanken und Netzwerke, anderweitig nicht genannt.",2.086994688751136,5.031988656460214,28.414601405001562,1.0,52.0,26.5,25,1
2610.0,"Juristen, onA",5.522160895696899,58.518093405223695,13.412865312778521,15.14517857142857,55.37577380952381,35.26047619047619,26,0
2611.0,Anwälte,16.385324148294554,38.7681037011154,9.624837584592058,14.0,34.0,24.0,26,1
2612.0,Richter,1.79687146545853,45.01806865812161,5.073977189852528,35.5,55.0,45.25,26,1
2619.0,"Juristen, anderweitig nicht genannt",9.828907894331438,58.103019015276374,19.972377497315975,3.0,64.0,33.5,26,1
2620.0,"Archiv-, Bibliotheks- und Museumswissenschaftler, onA",0.12981854089683675,,18.06148768016226,15.14517857142857,55.37577380952381,35.26047619047619,26,0
2621.0,Archiv- und Museumswissenschaftler,2.380609113592836,54.32307002553791,12.478498720334102,3.5,44.0,23.75,26,1
2622.0,Bibliothekswissenschaftler und verwandte Informationswissenschaftler,5.468502484384201,76.38154064508663,4.828017221297827,17.0,55.5,36.25,26,1
2631.0,Volkswirtschaftler,2.6710666062952306,32.00410120388321,28.581794358329034,3.0,31.0,17.0,26,1
2632.0,"Soziologen, Anthropologen und verwandte Wissenschaftler",1.8740221269211128,52.05058414596871,16.60428074874514,10.0,51.25,30.625,26,1
2633.0,"Philosophen, Historiker und Politologen",1.784174933988684,43.46592653083262,12.289433042242123,4.666666666666667,43.0,23.833333333333332,26,1
2634.0,Psychologen,14.104112161807349,79.31018966707663,12.586776113081086,32.6,55.2,43.900000000000006,26,1
2635.0,Sozialarbeiter,13.475269901735324,74.95345825296772,9.51345584063445,46.375,60.375,53.375,26,1
2636.0,Geistliche Seelsorger,6.74394094729686,30.426947289814976,23.067162871085344,26.5,51.5,39.0,26,1
2641.0,Autoren und verwandte schriftstellerische Berufe,3.760788185100105,46.638139629391524,19.19251106491585,1.75,39.75,20.75,26,1
2642.0,Journalisten,11.66421718992505,48.511976342399834,11.517843195252482,9.0,55.0,32.0,26,1
2643.0,"Übersetzer, Dolmetscher und andere Linguisten",5.720530104578988,66.0101978501983,30.017643919040225,56.0,66.0,61.0,26,1
2650.0,"Bildende und darstellende Künstler, onA",1.2953198217295492,51.706903620877455,23.18941685972632,15.14517857142857,55.37577380952381,35.26047619047619,26,0
2651.0,Bildende Künstler,3.232251685134385,44.03878807456828,22.053234238427734,1.0,21.5,11.25,26,1
2652.0,"Musiker, Sänger und Komponisten",8.259016027911215,43.178730156465996,25.71566078998697,13.25,67.25,40.25,26,1
2653.0,Tänzer und Choreografen,0.5666031190838965,60.64372888622757,50.72460718702022,12.0,99.0,55.5,26,1
2654.0,Regisseure und Produzenten im Film- und Bühnenbereich sowie in verwandten Bereichen,5.2883072658774175,37.85063916965703,21.698146787920408,1.4285714285714286,55.857142857142854,28.642857142857142,26,1
2655.0,Schauspieler,1.3543729683429702,44.46003783962999,22.642436317922318,5.0,95.0,50.0,26,1
2656.0,"Sprecher im Rundfunk, Fernsehen und sonstigen Medien",1.0272285355659339,54.99701207050165,8.956205970591327,7.333333333333333,63.333333333333336,35.333333333333336,26,1
2659.0,"Bildende und darstellende Künstler, anderweitig nicht genannt",0.9356368593712118,48.02188258255832,39.261681387029206,15.14517857142857,55.37577380952381,35.26047619047619,26,0
3100.0,"Ingenieurtechnische und vergleichbare Fachkräfte, onA",10.494126100835816,17.789853282289485,23.42850029903734,12.237114845938375,62.48536414565826,37.361239495798316,31,0
3110.0,"Material- und ingenieurtechnische Fachkräfte, onA",0.18405286048250552,18.66542786480099,0.0,12.237114845938375,62.48536414565826,37.361239495798316,31,0
3111.0,Chemo- und Physikotechniker,10.939321096931138,49.43149989219365,20.913795608530933,4.166666666666667,50.666666666666664,27.416666666666664,31,1
3112.0,Bauführer und Bautechniker,32.62813259725122,7.232941206591207,18.501130347370903,29.75,63.875,46.8125,31,1
3113.0,Elektrotechniker,6.69601690078876,5.665423664784328,14.570051647209084,8.5,57.5,33.0,31,1
3114.0,Techniker im Bereich Elektronik,1.3315127473477648,2.545838544411396,17.406818510982305,12.237114845938375,62.48536414565826,37.361239495798316,31,0
3115.0,"Maschinenbautechniker, Techniker im Bereich Systemtechnik, Automation und Unternehmensprozesse",8.118848416439306,6.9092718051789035,19.2259452739887,4.428571428571429,55.42857142857143,29.92857142857143,31,1
3116.0,Chemiebetriebs- und Verfahrenstechniker,0.6218788104878472,14.369380129257422,34.96295746320024,12.237114845938375,62.48536414565826,37.361239495798316,31,0
3117.0,Bergbau- und Hüttentechniker,0.15684450522405524,22.637560042997933,0.0,12.237114845938375,62.48536414565826,37.361239495798316,31,0
3118.0,Technische Zeichner,30.19402613161156,26.40303285269127,14.291329203195119,1.8,48.4,25.099999999999998,31,1
3119.0,"Material- und ingenieurtechnische Fachkräfte, anderweitig nicht genannt",19.498726292191574,21.059674462915766,21.000114168680625,20.285714285714285,58.714285714285715,39.5,31,1
3120.0,"Produktionsleiter im Bergbau, bei der Herstellung von Waren, Polier und Vorarbeiter im Bau, onA",0.27547272819748403,0.0,6.25224080961533,12.237114845938375,62.48536414565826,37.361239495798316,31,0
3122.0,Produktionsleiter bei der Herstellung von Waren,25.799633972740683,10.89277561697611,23.18131151443032,1.0,65.0,33.0,31,1
3123.0,Poliere und Vorarbeiter,20.07173191929869,0.5767525181615412,26.190151784250105,7.0,74.5,40.75,31,1
3130.0,"Techniker in der Prozesssteuerung, onA",0.16644940376276976,0.0,0.0,12.237114845938375,62.48536414565826,37.361239495798316,31,0
3131.0,Steuerer von Energieerzeugungsanlagen,0.6520797068473457,4.970514493769443,17.907680278711013,3.3333333333333335,63.333333333333336,33.333333333333336,31,1
3132.0,Steuerer von Verbrennungs- und Wasserbehandlungsanlagen,1.9357418160333004,0.0,5.719193082754558,13.6,57.0,35.3,31,1
3139.0,"Techniker in der Prozesssteuerung, anderweitig nicht genannt",0.24301491691856833,6.228408245964232,0.0,1.0,57.0,29.0,31,1
3141.0,Biotechniker (ohne medizinische Fachberufe),2.8119508505001996,61.46319845604188,14.424105471602772,32.5,51.0,41.75,31,1
3142.0,Agrartechniker,0.27554608053974006,0.0,0.0,13.5,56.5,35.0,31,1
3143.0,Forsttechniker,1.5543139775754884,-1.4210854715202004e-14,-1.4210854715202004e-14,15.0,68.0,41.5,31,1
3150.0,"Schiffsführer, Flugzeugpiloten und verwandte Berufe, onA",0.7189403749471132,2.2834431807667244,0.0,12.237114845938375,62.48536414565826,37.361239495798316,31,0
3152.0,"Schiffsführer, nautische Schiffsoffiziere und Schiffslotsen",0.815579539658189,9.499628318611585,28.24227848250547,18.666666666666668,71.33333333333333,45.0,31,1
3153.0,Flugzeugpiloten und verwandte Berufe,2.892318270272291,8.526452805128486,25.56966245853104,26.5,82.0,54.25,31,1
3154.0,Flugverkehrslotsen,2.2464937264792,35.24030956903228,21.563750757581786,7.0,82.0,44.5,31,1
3155.0,Flugsicherungstechniker,0.32422516775573246,11.144617188278517,11.144617188278517,12.237114845938375,62.48536414565826,37.361239495798316,31,0
3211.0,Medizintechniker im Bereich bildgebende Verfahren und Therapiegeräte,7.010339802522549,74.90034415776874,33.63567906623801,90.2,88.8,89.5,32,1
3212.0,Medizintechniker im Bereich Labor und Pathologie,6.077508794018718,87.24763343187666,16.695517361900855,82.2,62.4,72.3,32,1
3213.0,Pharmazeutische Techniker und Assistenten,13.564894954995635,94.60599729474248,13.485912835722914,72.0,83.0,77.5,32,1
3214.0,Medizinische und zahnmedizinische Prothetiktechniker,3.9689482938964433,36.523761467120316,25.15820423819376,62.0,72.75,67.375,32,1
3221.0,Fachkräfte Gesundheit und Pflege (mittlere Stufe),27.04189473885254,87.90245983856342,18.322358661020843,94.0,90.0,92.0,32,1
3222.0,Fachkräfte Geburtshilfe (mittlere Stufe),0.28462494540674976,100.0,0.0,73.0,94.0,83.5,32,1
3230.0,Fachkräfte in traditioneller und komplementärer Medizin,0.8604699729331866,85.29741889054291,8.376078090420052,67.55104166666666,82.2,74.87552083333333,32,0
3240.0,Veterinärmedizinische Fachkräfte und Assistenten,2.522637352703289,88.18217927477674,14.711997352507893,77.0,90.0,83.5,32,1
3251.0,Zahnmedizinische Assistenten und Dentalhygieniker,13.2219731540276,99.14883046720665,18.123547329545588,98.0,99.5,98.75,32,1
3252.0,Fachkräfte im Bereich medizinische Dokumentation und Information,0.6135978911483599,63.70194026967439,22.333027577131503,24.0,50.0,37.0,32,1
3253.0,Fachkräfte in der öffentlichen Gesundheitsfürsorge,0.5645999142484708,82.52400651965283,15.529445495219107,53.0,76.0,64.5,32,1
3254.0,Augenoptiker,4.739712272339347,68.66607028129323,26.896725053801788,40.0,83.0,61.5,32,1
3255.0,Physiotherapeutische Techniker und Assistenten,10.730347064843775,83.5763431357146,18.440379394715578,55.5,91.5,73.5,32,1
3256.0,Medizinische Assistenten,26.06288610006144,97.78768033694118,10.3184834627545,76.0,89.0,82.5,32,1
3257.0,Kontrolleure und Beauftragte in den Bereichen Umwelt- und Arbeitsmedizin sowie verwandte Berufe,2.2244153979638424,38.591877829552985,28.088202890766823,12.25,59.75,36.0,32,1
3258.0,Rettungsdienstpersonal,3.773378521770801,34.5853571177187,22.685316133223708,89.0,97.0,93.0,32,1
3259.0,"Assistenzberufe im Gesundheitswesen, anderweitig nicht genannt",0.6938593426376102,71.7304853974079,15.17566645896268,82.66666666666667,88.5,85.58333333333334,32,1
3300.0,"Betriebswirtschaftliche und kaufmännische Fachkräfte und Verwaltungsfachkräfte, onA",2.3901135243507743,39.952683728807735,19.65404923968167,10.781601731601732,54.403391053391054,32.59249639249639,33,0
3310.0,"Fachkräfte im Bereich Finanzen und mathematische Verfahren, onA",0.8181771666746799,50.42768505884997,14.54198711055112,10.781601731601732,54.403391053391054,32.59249639249639,33,0
3311.0,"Wertpapierhändler, -makler und Finanzmakler",7.13558504199911,24.976853190937575,35.40526486397957,2.3333333333333335,52.333333333333336,27.333333333333336,33,1
3312.0,Fachkräfte im Bereich Kredit und Darlehen,2.3460713835461724,33.434655979694526,18.734922065759847,6.333333333333333,43.333333333333336,24.833333333333336,33,1
3313.0,Fachkräfte im Rechnungswesen,40.01585412332324,56.74345513538661,20.861193091288442,4.0,44.0,24.0,33,1
3315.0,Schätzer und Schadensgutachter,2.55231824626507,40.98377705813319,8.97724750658574,4.2,46.4,25.3,33,1
3321.0,Versicherungsvertreter,14.995742525720596,26.03504074327428,17.90259570616317,5.5,56.5,31.0,33,1
3322.0,Verkaufsfachkräfte,25.306787659572127,29.328235200048738,22.96646130912815,6.0,52.0,29.0,33,1
3323.0,Einkäufer,10.1459793726013,31.917070845390228,30.762077360621547,4.0,48.666666666666664,26.333333333333332,33,1
3324.0,Handelsmakler,7.675771706145312,24.070222128941126,35.585217098353084,2.5,62.5,32.5,33,1
3331.0,Fachkräfte für Abrechnungs- und Speditionsdienstleistungen,4.197467126132674,44.16810522627189,30.203874801383975,4.0,46.0,25.0,33,1
3332.0,Konferenz- und Veranstaltungsplaner,4.835419897481275,63.54819263629717,24.787313778488965,0.0,72.0,36.0,33,1
3333.0,Arbeits- und Personalvermittler,1.6338179426035264,31.05928834181414,28.74662461536603,1.0,66.0,33.5,33,1
3334.0,Immobilienmakler und -verwalter,20.154328789738848,44.75042751172751,10.823951490097372,4.0,58.666666666666664,31.333333333333332,33,1
3339.0,"Fachkräfte für unternehmensbezogene Dienstleistungen, anderweitig nicht genannt",0.5166043861447499,51.277538117730764,19.846398858450627,2.4285714285714284,48.285714285714285,25.357142857142858,33,1
3341.0,Sekretariatsleiter,12.968489096049758,51.74008427593115,21.688335758620013,9.0,47.0,28.0,33,1
3342.0,Sekretariatsfachkräfte im juristischen Bereich,2.328325080631947,89.33464573749697,3.087015230975993,0.0,41.0,20.5,33,1
3343.0,Sekretariatsfachkräfte in Verwaltung und Geschäftsleitung,35.72078033873379,78.87070552352132,18.953956368217902,10.5,50.0,30.25,33,1
3344.0,Sekretariatsfachkräfte im Gesundheitswesen,10.917038984155639,97.49618473855513,10.924885976157825,37.0,56.5,46.75,33,1
3351.0,Fachkräfte im Zolldienst und Grenzschutz,4.493600635868691,25.06072960845927,2.458787126138077,41.0,65.22222222222223,53.111111111111114,33,1
3352.0,Fachkräfte in der Steuerverwaltung,2.671750475369533,38.65422338759707,6.2490095133250065,5.0,57.0,31.0,33,1
3353.0,Fachkräfte in Sozialverwaltung und -versicherung,4.257616271237664,68.34051189424518,9.719057433073928,30.0,56.0,43.0,33,1
3354.0,"Fachkräfte bei staatlichen Pass-, Lizenz- und Genehmigungsstellen",1.8711213079028164,78.21485281802737,6.769370298497961,11.0,58.666666666666664,34.83333333333333,33,1
3355.0,Polizeikommissare und Kriminalbeamte,8.014839153619208,17.68745053313701,13.639572836489194,47.4,68.8,58.099999999999994,33,1
3359.0,"Fachkräfte in der öffentlichen Verwaltung, anderweitig nicht genannt",1.2428639456760695,57.77173808279794,8.129819478287644,10.781601731601732,54.403391053391054,32.59249639249639,33,0
3411.0,Fachkräfte für Rechts- und verwandte Angelegenheiten,11.455261336166856,64.01065211608179,11.915183854973549,13.5,55.166666666666664,34.33333333333333,34,1
3412.0,Soziale Fachkräfte,53.377060900715314,70.54763909438967,13.873529265859474,58.0,79.0,68.5,34,1
3413.0,Ordensbrüder/-schwestern und Seelsorgehelfer,4.189514001092203,82.29013930094229,14.986338028388545,16.408333333333335,70.00833333333333,43.20833333333333,34,0
3421.0,Athleten und Berufssportler,1.895754795247616,17.81295879330706,20.148798894794822,6.0,59.0,32.5,34,1
3422.0,"Sportlehrer, Sporttrainer und Sportfunktionäre",18.606398213582196,54.19514134681097,18.381210104955755,10.0,72.5,41.25,34,1
3423.0,Trainer und Betreuer im Bereich Fitness und Erholung,6.466304141794321,63.5212734261205,17.79803335009187,32.75,86.25,59.5,34,1
3431.0,Fotografen,4.796391276627575,42.02964652213231,19.542143274370687,4.0,68.0,36.0,34,1
3432.0,Raumgestalter und Dekorateure,7.705261573135607,57.27882609536317,18.12058141329571,3.3333333333333335,57.666666666666664,30.5,34,1
3433.0,"Fachkräfte in Kunstgalerien, Museen und Bibliotheken",1.1268017324792747,65.0821667189763,6.134546825179598,8.0,58.5,33.25,34,1
3434.0,"Küchenchefs, stv. Küchenchefs und Souschefs",6.837007681005373,10.733971972863216,43.72911041172879,20.5,88.0,54.25,34,1
3435.0,Sonstige Fachkräfte in Gestaltung und Kultur,4.413364042768378,35.20576939024983,31.79310223718325,8.0,76.0,42.0,34,1
3510.0,"Techniker für den Betrieb von Informations- und Kommunikationstechnologie und für die Anwenderbetreuung, onA",5.345178164048405,17.012675540550248,20.00763755319359,9.0,55.75,32.375,35,0
3511.0,Techniker für den Betrieb von Informations- und Kommunikationstechnologie,6.276837885470179,19.995315044616035,23.950395880144754,7.0,42.0,24.5,35,1
3512.0,Techniker für die Anwenderbetreuung in der Informations- und Kommunikationstechnologie,6.809089448332757,18.952844512172817,20.9309175872896,8.0,64.0,36.0,35,1
3513.0,Techniker für Computernetzwerke und -systeme,1.304835304290053,2.5842008279099247,23.60803748349602,13.0,55.0,34.0,35,1
3514.0,Webmaster,0.7129684254495166,31.255907712481275,26.22251558346605,9.0,55.75,32.375,35,0
3521.0,Techniker für Rundfunk und audiovisuelle Medien,4.320627773255557,18.40605238748904,14.110267971054284,8.0,62.0,35.0,35,1
3522.0,Telekommunikationstechniker,1.4934668151939836,5.653401138544112,24.70251523932184,9.0,55.75,32.375,35,0
4110.0,Allgemeine Bürokräfte,256.04408750160997,73.83965261603343,13.067932108454514,19.0,57.5,38.25,41,1
4120.0,Sekretariatskräfte (allgemein),24.860141221996795,93.95553282806996,9.69043432312884,29.0,43.0,36.0,41,1
4132.0,Datenerfasser,0.34377884673038805,53.602486038660096,39.34838435258527,11.0,57.0,34.0,41,1
4211.0,Schalterbedienstete und Fachkräfte im Bereich Finanzdienstleistungen,37.10673368420886,50.75543846776338,15.533705604289537,34.0,76.0,55.0,42,1
4212.0,"Buchmacher, Croupiers und verwandte Berufe im Bereich Glücks- und Wettspiele",0.6909135372254249,33.22842004588169,53.8932917157279,23.2,82.8,53.0,42,1
4214.0,Inkassobeauftragte und verwandte Berufe,0.39214613609076826,65.40430663430314,39.86718513915216,7.5,42.0,24.75,42,1
4221.0,Reiseverkehrsfachkräfte,6.14222033661607,76.85693081657695,19.299076398906422,12.0,81.0,46.5,42,1
4222.0,Kundeninformationsfachkräfte in Call Centers,3.2470032554645085,67.44789977079603,32.49778438370075,41.0,67.0,54.0,42,1
4223.0,Telefonisten,1.5816512486524679,84.32775239541463,10.515296183193215,21.0,65.5,43.25,42,1
4224.0,Hotelrezeptionisten,2.571657033117642,63.523836036780104,41.46596840386801,5.0,64.5,34.75,42,1
4226.0,Empfangskräfte (allgemein),12.091329798772453,82.73387288196214,25.480816123927696,20.8375,68.975,44.90625,42,0
4227.0,Interviewer im Bereich Umfragen und Marktforschung,0.3332526162015557,55.5033008076365,0.0,23.0,73.0,48.0,42,1
4229.0,"Berufe im Bereich Kundeninformation, anderweitig nicht genannt",0.35784481877485474,67.6325459969134,15.15997530516735,20.8375,68.975,44.90625,42,0
4311.0,Bürokräfte im Rechnungswesen und in der Buchhaltung,23.264594247840076,81.29250774031647,12.298217974447894,14.5,59.0,36.75,43,1
4312.0,"Bürokräfte in der Statistik, im Finanz- und Versicherungswesen",9.612529801015459,73.35853011960526,11.251890635092735,5.285714285714286,56.285714285714285,30.785714285714285,43,1
4313.0,Bürokräfte in der Lohnbuchhaltung,1.6056767675299093,90.52636786857265,11.411192410646919,7.0,37.0,22.0,43,1
4320.0,"Bürokräfte im Bereich Materialwirtschaft und Transport und verwandte Berufe, onA",40.99171648556953,20.256802141391518,31.899794761875313,8.264285714285714,54.84761904761905,31.55595238095238,43,0
4321.0,Fachkräfte in der Lagerwirtschaft,20.571804021056813,16.58508598355911,39.701776714743936,10.8,66.8,38.8,43,1
4322.0,Bürokräfte in der Material- und Fertigungsplanung und verwandte Berufe,5.691890944281727,21.743046262180954,21.657204262875112,3.0,52.0,27.5,43,1
4323.0,Bürokräfte in der Transportwirtschaft und verwandte Berufe,11.808318928334922,23.968630214090723,22.851730156512133,9.0,58.0,33.5,43,1
4410.0,"Sonstige Bürokräfte und verwandte Berufe, onA",0.25086511630453795,58.59456777974416,0.0,13.883333333333333,58.416666666666664,36.15,44,0
4411.0,Bibliotheksassistenten,0.8150689912147907,64.65841269121285,0.0,34.0,73.0,53.5,44,1
4412.0,Postverteiler und -sortierer,8.742036398957321,40.58218533549764,17.31555765266897,20.8,64.0,42.4,44,1
4413.0,"Kodierer, Korrekturleser und verwandte Bürokräfte",1.4460006173220956,62.55261681525683,18.373262013047892,0.0,53.0,26.5,44,1
4415.0,Bürokräfte für Registratur und Dokumentation,1.2222139081583043,63.27805615060236,13.396461208364798,11.5,51.5,31.5,44,1
4416.0,Bürokräfte im Personalwesen,7.743087600647257,89.8976565604069,13.679031650267646,14.0,53.0,33.5,44,1
4419.0,"Bürokräfte und verwandte Berufe, anderweitig nicht genannt",45.04074530362391,52.082814784040536,19.45261187518473,3.0,56.0,29.5,44,1
5100.0,"Berufe im Bereich personenbezogener Dienstleistungen, onA",1.2049323576000797,61.5920536792747,23.73292309653108,34.15909090909091,72.10606060606061,53.13257575757576,51,0
5111.0,Reisebegleiter und Stewards,8.804149364299318,64.94623871888538,14.857348113578766,52.0,94.5,73.25,51,1
5112.0,Schaffner,2.550988476772956,31.351363214276006,16.675963087142094,34.15909090909091,72.10606060606061,53.13257575757576,51,0
5113.0,Reiseleiter/Fremdenführer,2.1126326498737202,70.74123949824549,13.51080359874085,11.5,62.5,37.0,51,1
5120.0,Köche,47.45900177159901,35.54737741649798,43.879510605711246,16.5,59.5,38.0,51,1
5131.0,"Chefs de service, Servicefach- und Servicehilfskräfte in Restaurants",67.51743021347855,74.92370012216878,44.429369095392154,16.0,78.0,47.0,51,1
5132.0,Barkeeper,5.808420745740136,48.69325197162669,45.6275933362595,4.0,79.0,41.5,51,1
5141.0,Coiffeurs,28.057017866217457,83.41081844542288,25.86613572786605,45.5,93.5,69.5,51,1
5142.0,Kosmetiker und verwandte Berufe,13.253581620405603,96.91433451362762,29.579210729235058,23.25,91.5,57.375,51,1
5151.0,"Reinigungs- und Hauswirtschaftleiter und -kräfte in Büros, Hotels und anderen Einrichtungen",24.82455309792778,88.19668405783113,42.04476477131304,47.0,51.0,49.0,51,1
5152.0,Hauswirtschafter in Privathaushalten,0.8557818761521576,100.0,48.013743885266614,34.15909090909091,72.10606060606061,53.13257575757576,51,0
5153.0,Hauswarte,44.51718152710572,32.46357840974453,27.73556054637443,47.0,48.0,47.5,51,1
5161.0,"Astrologen, Wahrsager und verwandte Berufe",0.11023962010006239,100.0,,34.15909090909091,72.10606060606061,53.13257575757576,51,0
5162.0,Gesellschafter und Zofen/Kammerdiener,1.1069310759819784,100.0,76.46626740154457,34.15909090909091,72.10606060606061,53.13257575757576,51,0
5163.0,Bestatter und Einbalsamierer,0.7056490704992159,25.552058912350233,5.07186094780468,72.0,71.66666666666667,71.83333333333334,51,1
5164.0,Tierpfleger und -betreuer,3.0410546354217334,68.93037366297244,9.312582791080885,41.0,64.0,52.5,51,1
5165.0,Fahrschullehrer,2.9243225983474823,20.09089566829084,11.204285263843161,34.15909090909091,72.10606060606061,53.13257575757576,51,0
5211.0,Verkaufsstand- und Marktverkäufer,3.3288607641943253,73.09726064176718,18.00878646288035,7.0,67.0,37.0,52,1
5221.0,Leiter eines Einzelhandelsgeschäftes,7.998466393105535,56.25344274884178,13.916852873314568,8.222222222222221,67.72222222222223,37.97222222222222,52,0
5222.0,Verkaufsaufsichtskräfte in Handelsgeschäften,11.321325444980562,55.99956583945071,30.15594422824796,10.0,66.0,38.0,52,1
5223.0,Verkäufer  in Handelsgeschäften,149.3276996834502,74.96872976698316,24.272587126078776,9.5,68.0,38.75,52,1
5230.0,Kassierer und Kartenverkäufer,11.177574980828037,90.86683271165876,31.851160337744403,27.5,72.5,50.0,52,1
5241.0,Mannequins/Dressmen und sonstige Modelle,0.19859575586560527,,0.0,1.0,64.0,32.5,52,1
5242.0,Produktvorführer,1.2251774588108502,78.09276242136053,15.5169837757025,0.0,67.0,33.5,52,1
5243.0,Haustürverkäufer,0.1112487991622971,,,8.222222222222221,67.72222222222223,37.97222222222222,52,0
5244.0,Telefonverkäufer,0.21498212277367443,78.24251230188626,37.723334965632205,5.0,77.0,41.0,52,1
5245.0,Tankwarte,1.297429930491107,14.510460874215852,41.72421649007155,4.0,60.0,32.0,52,1
5249.0,"Verkaufskräfte, anderweitig nicht genannt",0.5903352358430288,51.256623721818826,25.656595634287186,10.0,68.0,39.0,52,1
5300.0,"Betreuungsberufe, onA",0.08172796492542805,,,63.03333333333334,84.86666666666666,73.95,53,0
5311.0,Kinderbetreuer,21.891509360457583,95.09590242725822,27.939343690369085,40.0,75.0,57.5,53,1
5312.0,Lernbetreuer,2.6323127118463745,89.2164829774359,13.677849033114697,36.0,88.0,62.0,53,1
5321.0,Pflegehelfer in Institutionen,42.956122731325,89.89246389021092,35.28925967504166,87.0,90.0,88.5,53,1
5322.0,Haus- und Familienpfleger und -betreuer,26.675960490029343,86.7096459918262,18.8685746433151,62.5,85.0,73.75,53,1
5329.0,"Betreuungsberufe im Gesundheitswesen, anderweitig nicht genannt",0.2537103250372922,78.69912100764682,22.6353808768597,89.66666666666667,86.33333333333333,88.0,53,1
5411.0,Feuerwehrleute,2.4705071037442776,2.7008956864108455,9.917681087378554,60.5,81.5,71.0,54,1
5412.0,Polizisten (ohne Polizeikommissare),19.870091360125137,18.515457972258602,2.1740539360346673,56.0,79.0,67.5,54,1
5413.0,Gefängnisaufseher,2.4830539463092833,16.276304902908677,7.191793004027474,78.5,76.0,77.25,54,1
5414.0,Sicherheitsdienstleistungspersonal,15.0217465466259,23.029293885094987,17.83190038219479,35.5,77.0,56.25,54,1
5419.0,"Schutzkräfte und Sicherheitsbedienstete, anderweitig nicht genannt",2.9186341188583045,38.00752728529852,18.40954713394737,28.428571428571427,62.0,45.214285714285715,54,1
6111.0,Gemüseanbauer,1.2677106096400224,18.345817379195978,28.435457165361882,12.6,44.2,28.400000000000002,61,1
6112.0,Obst- und Beerenanbauer,2.9582499997067786,20.064834892824962,23.80552559881326,15.533333333333333,47.56666666666666,31.55,61,0
6113.0,"Gärtner, Gartenbau und Pflanzenproduktion",22.814692992598793,17.652308109567585,23.277706563283687,7.0,65.5,36.25,61,1
6121.0,Nutztierhalter (ohne Geflügel) und Milchproduzenten,2.7464610121827056,66.61751392181108,19.793150702550534,27.0,33.0,30.0,61,1
6122.0,Geflügelhalter,0.13532115107061954,,0.0,15.533333333333333,47.56666666666666,31.55,61,0
6130.0,Landwirte mit Ackerbau und Tierhaltung (ohne ausgeprägten Schwerpunkt),47.065919497962255,18.68956053838515,2.7158285706776724,15.533333333333333,47.56666666666666,31.55,61,0
6210.0,Forstarbeitskräfte und verwandte Berufe,3.767970923442387,3.1149151163269835,6.879260174512382,4.75,34.0,19.375,62,1
6222.0,Binnen- und Küstenfischer,0.31064801037860407,0.0,0.0,22.0,70.0,46.0,62,1
7110.0,"Baukonstruktions- und verwandte Berufe, onA",0.22193681219999278,0.0,32.148203062741516,11.220238095238097,67.72023809523809,39.470238095238095,71,0
7112.0,Maurer und verwandte Berufe,22.948648893307993,0.7007423574695935,58.4107203418386,12.5,81.5,47.0,71,1
7113.0,"Steinmetze, Steinspalter, -bearbeiter und Steinbildhauer",1.2998092844319862,1.2954152556798846,48.26961668639122,6.0,80.0,43.0,71,1
7114.0,"Betonierer, Betonoberflächenfertiger und verwandte Berufe",4.538465678215606,0.35147144617693016,79.85562510625108,6.666666666666667,72.0,39.333333333333336,71,1
7115.0,"Zimmerleute, Bautischler, Storenmonteure, Bootbauer",40.79999004401739,3.2407992775678878,18.419522542228464,9.0,80.0,44.5,71,1
7119.0,"Baukonstruktions- und verwandte Berufe, anderweitig nicht genannt",3.2206903928084682,0.0,63.52178480961459,8.666666666666666,68.33333333333333,38.5,71,1
7120.0,"Ausbaufachkräfte und verwandte Berufe, onA",1.59427387821429,0.0,43.48346574457418,11.220238095238097,67.72023809523809,39.470238095238095,71,0
7121.0,Dachdecker,4.250170842402425,0.0,40.07697816106416,4.0,77.0,40.5,71,1
7122.0,Boden- und Fliesenleger,11.925967765997576,1.3389275110824457,52.68447760023446,8.75,63.75,36.25,71,1
7123.0,"Gipser, Trockenbauer",7.454028839105712,0.0,77.92682177100491,7.0,59.0,33.0,71,1
7124.0,Isolierer,5.956804661890632,0.5427052460495361,77.12254418401952,13.0,58.5,35.75,71,1
7125.0,Glaser,1.0656332412635978,0.0,37.49357506428197,18.0,69.0,43.5,71,1
7126.0,Bauspengler und Sanitär- und Heizungsinstallateure,27.499691498126996,1.4105593258942974,28.97883043143547,38.333333333333336,73.33333333333333,55.83333333333333,71,1
7127.0,"Klima-, Kälte, und Lüftungsanlagenbauer",3.286924097608524,0.6207894005685262,41.71736759718305,17.666666666666668,63.666666666666664,40.666666666666664,71,1
7131.0,Maler und verwandte Berufe,20.01266572755243,12.49407637538853,41.89462269543618,7.5,54.0,30.75,71,1
7132.0,Lackierer und verwandte Berufe,5.077341099570132,9.84623487018608,35.48276176622559,0.0,48.0,24.0,71,1
7133.0,Fassadenreiniger und Schornsteinfeger/Rauchfangkehrer,1.3521206171916271,10.441013538715438,1.4210854715202004e-14,11.220238095238097,67.72023809523809,39.470238095238095,71,0
7200.0,"Metallarbeiter, Mechaniker, Polymechaniker, Produktionsmechaniker und verwandte Berufe, onA",31.054623121379322,2.140980308233978,21.705689686084952,6.982653920153919,61.714405964405955,34.348529942279946,72,0
7210.0,"Blechkaltverformer, Baumetallverformer, Former (für Metallguss), Schweisser, Anlagen- und Apparatebauer und verwandte Berufe, onA",2.347047831235956,0.0,17.66553671725282,6.982653920153919,61.714405964405955,34.348529942279946,72,0
7211.0,Former und Kernmacher (für Metallguss),0.3542487170239374,15.728017991830328,37.51722900988586,5.5,68.5,37.0,72,1
7212.0,Schweisser und Brennschneider,3.1370276359786993,13.633141644731765,71.34544504734414,0.3333333333333333,46.666666666666664,23.5,72,1
7213.0,Blechkaltverformer,4.591035063377124,3.670667376237759,34.92783180067231,12.666666666666666,64.33333333333333,38.5,72,1
7214.0,Baumetallverformer und Metallbauer,10.95362172364703,1.5406061512407945,31.421922085307344,9.666666666666666,72.66666666666667,41.16666666666667,72,1
7215.0,Verspannungsmonteure und Seilspleisser,0.2340657523080292,49.00370901427562,45.09896717186638,15.0,77.0,46.0,72,1
7221.0,"Grobschmiede, Hammerschmiede und Schmiedepresser",0.802921835848711,4.442435011031208,38.54239035938942,6.982653920153919,61.714405964405955,34.348529942279946,72,0
7222.0,Werkzeugmechaniker und verwandte Berufe,4.967875057824664,3.8714371775143803,36.381573720430744,6.75,63.5,35.125,72,1
7223.0,Werkzeugmaschineneinrichter und -bediener,10.293842909214913,12.135845055513897,44.933075613358476,4.454545454545454,53.63636363636363,29.045454545454543,72,1
7224.0,"Metallpolierer, Rundschleifer und Werkzeugschärfer",2.106207541993325,6.937824949480728,43.877430484598264,1.5,54.0,27.75,72,1
7230.0,"Maschinenmechaniker und -schlosser, onA",0.35488229242626573,0.0,27.731699181346556,6.982653920153919,61.714405964405955,34.348529942279946,72,0
7231.0,Kraftfahrzeugmechaniker und -schlosser,26.317117291348143,4.028672078270219,25.459269601013816,9.777777777777779,54.55555555555556,32.16666666666667,72,1
7232.0,Flugmotorenmechaniker und -schlosser,1.1869444632809083,1.5041122867121857,23.864650931831534,4.0,54.0,29.0,72,1
7233.0,Landmaschinen- und Industriemaschinenmechaniker und -schlosser,27.639930546205196,1.825189368924839,17.05610461273494,14.142857142857142,66.71428571428571,40.42857142857142,72,1
7234.0,Fahrradmechaniker und verwandte Berufe,1.84494478185701,6.383707652143201,14.64930426250777,0.0,65.0,32.5,72,1
7310.0,"Präzisionshandwerker und kunsthandwerkliche Berufe, onA",0.46291703116428967,74.64126333582408,11.13571876141836,2.6583333333333337,49.858333333333334,26.258333333333336,73,0
7311.0,"Uhrmacher, Uhrenarbeiter, Mikromechaniker",15.291025102874086,54.56058142207362,41.18557740375846,11.333333333333334,52.0,31.666666666666668,73,1
7312.0,Musikinstrumentenbauer und -stimmer,0.8567959279645205,21.560093854963753,18.985830651849895,7.0,48.0,27.5,73,1
7313.0,Schmuckwarenhersteller und Edelmetallbearbeiter,2.6885256197812497,52.77020459336665,18.228561292227795,0.0,54.333333333333336,27.166666666666668,73,1
7314.0,Keramiker und verwandte Berufe,0.3170337499338772,83.06786500236676,0.0,2.75,55.75,29.25,73,1
7315.0,"Glasmacher, -schneider, -schleifer und -veredler",0.3598022828573129,48.35408270137285,,1.0,34.0,17.5,73,1
7316.0,"Schildermaler, Dekormaler, Graveure und Ätzer",2.3422928069366518,54.19994851409657,7.263073332071414,0.5,52.0,26.25,73,1
7317.0,"Kunsthandwerkliche Berufe für Holz, Korbwaren und verwandte Materialien",0.3037323745386188,31.156369551867556,10.651774238197874,2.6583333333333337,49.858333333333334,26.258333333333336,73,0
7318.0,"Kunsthandwerkliche Berufe für Textilien, Leder und verwandte Materialien",0.15240316026089296,,18.699133583379734,3.0,55.0,29.0,73,1
7321.0,Techniker in der Druckvorstufe,5.990756629574443,46.97219600348285,12.38508615161551,1.0,50.5,25.75,73,1
7322.0,Drucker,4.64082094463016,21.98040921302851,24.70829147039163,0.0,42.0,21.0,73,1
7323.0,Berufe in der Druckweiterverarbeitung und Buchbinder,1.304464914104668,20.943204790159143,17.838014685528066,0.0,55.0,27.5,73,1
7411.0,Bauelektriker und verwandte Berufe,30.293917793840485,2.581184984586045,25.95132614680226,11.0,75.0,43.0,74,1
7412.0,Automatiker und verwandte Berufe,13.83976639165863,3.9048902229840223,21.915948029772068,14.166666666666666,65.16666666666667,39.66666666666667,74,1
7413.0,Elektroleitungsinstallateure und Wartungspersonal,3.8479849901114815,6.79306171704124,23.198890074128002,10.0,73.0,41.5,74,1
7421.0,Elektroniker und Elektronik-Servicetechniker,7.152917091422538,11.582902014372593,19.50408662270091,4.0,64.5,34.25,74,1
7422.0,Installateure und Servicetechniker im Bereich Informations- und Kommunikationstechnik,2.498482424353088,6.369616664577123,26.961428722325152,18.0,61.0,39.5,74,1
7511.0,"Metzger, Fischhändler und -verarbeiter und verwandte Berufe",7.666908241434795,13.879866139106113,38.66777267480602,15.333333333333334,78.33333333333333,46.83333333333333,75,1
7512.0,"Bäcker, Konditoren und Konfektmacher",13.405535745109892,50.19076866212747,23.597467101257607,7.0,55.0,31.0,75,1
7513.0,Molkerei- und Käsereifachkräfte,2.328705763657567,19.26934055350719,15.498268400500123,5.0,48.0,26.5,75,1
7515.0,Nahrungsmittel- und Getränkekoster und -klassierer,0.2915223915534031,100.0,11.330068650764304,12.5,76.0,44.25,75,1
7520.0,"Holzbearbeiter, Möbeltischler und verwandte Berufe, onA",0.4033570714654982,0.0,19.960999169295974,10.148809523809524,60.77380952380952,35.461309523809526,75,0
7521.0,Holztrockner und -konservierer,0.16144858775359364,27.261258825395302,27.261258825395302,9.0,70.0,39.5,75,1
7522.0,Möbeltischler und verwandte Berufe,3.5688478539925503,15.37108775055114,23.568117006349397,4.25,54.0,29.125,75,1
7523.0,Einrichter und Bediener von Holzbearbeitungsmaschinen,0.631705976987172,4.706758657148697,13.408465771479328,1.0,51.0,26.0,75,1
7530.0,"Berufe der Bekleidungsherstellung und verwandte Berufe, onA",0.42319981760039377,37.62683633379761,39.789946637196245,10.148809523809524,60.77380952380952,35.461309523809526,75,0
7531.0,"Herren- und Damenschneider, Kürschner und Hutmacher",3.1125429176351243,86.27802484542529,30.90569616263913,12.0,63.0,37.5,75,1
7533.0,"Näher, Sticker und verwandte Berufe",2.400477874626059,91.84335793239651,39.322182481689225,13.5,47.5,30.5,75,1
7534.0,Polsterer und verwandte Berufe,0.4898998308931602,22.751946786155244,12.011751081988535,2.0,62.0,32.0,75,1
7536.0,Schuhmacher und verwandte Berufe,1.565459172697433,19.200328541884247,47.947444364134384,10.148809523809524,60.77380952380952,35.461309523809526,75,0
7541.0,Taucher,0.25102322266496246,6.532225889813333,,12.0,75.0,43.5,75,1
7543.0,Produkttester und -klassierer (ohne Nahrungsmittel und Getränke),7.28311123714044,50.86220972248614,38.341837200915734,4.0,65.0,34.5,75,1
7544.0,Kammerjäger und andere Schädlingsbekämpfungsberufe,0.22412451840534064,0.0,7.569448269071813,17.5,38.0,27.75,75,1
7549.0,"Handwerks- und verwandte Berufe, anderweitig nicht genannt",5.816500278730626,91.94487967525089,6.296090836018507,27.0,68.0,47.5,75,1
8100.0,"Bediener stationärer Anlagen und Maschinen, onA",24.785914201980155,21.646103483987147,48.884519156315356,10.8,56.06428571428571,33.43214285714286,81,0
8111.0,Bergleute und Grubenarbeiter,0.4858871215894528,27.451766415204403,17.729452413421185,8.333333333333334,53.285714285714285,30.80952380952381,81,1
8114.0,"Bediener von Maschinen zur Herstellung und Verarbeitung von Zement, Steinen und sonstigen Mineralien",0.5167853907525722,0.0,37.31991132905099,5.0,48.5,26.75,81,1
8120.0,"Bediener von Anlagen in der Metallerzeugung, -umformung und -veredlung, onA",1.3352997064643297,13.979384358497867,39.35082084281345,10.8,56.06428571428571,33.43214285714286,81,0
8121.0,Bediener von Anlagen in der Metallerzeugung und -umformung,2.529786424155632,9.48272763949791,65.89502189988315,5.0,59.0,32.0,81,1
8122.0,"Bediener von Anlagen zur Metallveredlung, Plattierung und Beschichtung von Metallen",1.440935233946611,9.142891065061562,49.728015106924836,9.5,66.5,38.0,81,1
8131.0,Bediener von Anlagen und Maschinen für chemische Erzeugnisse,5.346892875334325,24.441946935856222,35.39774616960865,15.0,51.0,33.0,81,1
8132.0,Bediener von Anlagen für fotografische Erzeugnisse,0.33517129362027764,65.76290458446377,0.0,41.0,58.0,49.5,81,1
8141.0,Bediener von Maschinen zur Herstellung von Gummiwaren,0.31893660313243527,9.479642243394224,36.431899441235295,11.333333333333334,61.333333333333336,36.333333333333336,81,1
8142.0,Bediener von Maschinen zur Herstellung von Kunststoffwaren,1.90607098263947,19.04584971705775,48.760456863010056,3.0,83.0,43.0,81,1
8143.0,Bediener von Maschinen zur Herstellung von Papierwaren,1.0356403787140838,47.4226290599468,45.777770874607526,10.8,56.06428571428571,33.43214285714286,81,0
8150.0,"Bediener von Maschinen zur Herstellung von Textil-, Pelz- und Lederwaren, onA",0.2852514115694452,,,10.8,56.06428571428571,33.43214285714286,81,0
8151.0,"Bediener von Spinnstoffaufbereitungs-, Spinn- und Spulmaschinen",0.23101850730994775,,49.7364866688195,5.0,64.0,34.5,81,1
8152.0,"Bediener von Web-, Strick- und Wirkmaschinen",0.6477083672653838,24.16483954962966,69.20032947905403,4.0,44.0,24.0,81,1
8154.0,Bediener von Bleich- und Färbemaschinen,0.38898143195856943,51.10734607603027,23.45313773407682,0.0,46.0,23.0,81,1
8156.0,Bediener von Maschinen zur Schuhherstellung und verwandte Berufe,0.1766168605484997,,,1.0,61.0,31.0,81,1
8157.0,Bediener von Wäschereimaschinen,4.938895057524905,93.04029382015726,48.991618922036544,55.0,53.0,54.0,81,1
8160.0,Bediener von Maschinen zur Herstellung von Nahrungs- und Genussmitteln,5.323981193881351,28.41920765059497,37.22649012103124,3.3333333333333335,46.666666666666664,25.0,81,1
8171.0,Bediener von Anlagen zur Zellstoff- und Papierherstellung,0.4319190938809393,0.0,,8.0,46.5,27.25,81,1
8172.0,Bediener von Anlagen zur Holzaufbereitung,1.2691079432257557,2.722278889465585,32.85045480704248,6.0,57.0,31.5,81,1
8181.0,Bediener von Anlagen zur Glas- und Keramikherstellung,0.2630889507821507,31.47768326106963,35.093733898027196,3.0,55.0,29.0,81,1
8182.0,Bediener von Dampfmaschinen und -kesseln,0.5301326613499927,6.004544787151573,22.797403046147807,26.0,60.0,43.0,81,1
8183.0,"Bediener von Verpackungs-, Abfüll- und Etikettiermaschinen",2.1145137413722987,72.82805403862955,54.92986095857001,4.0,59.0,31.5,81,1
8189.0,"Bediener stationärer Anlagen und Maschinen, anderweitig nicht genannt",0.36225879271794065,14.10917760186706,22.375776004656444,2.5,48.5,25.5,81,1
8210.0,"Montageberufe, onA",12.892547092618651,17.83595532299921,39.68768962449901,2.8333333333333335,61.916666666666664,32.375,82,0
8211.0,Berufe der Montage von mechanischen Bauteilen,2.5548542561111542,5.365285099755795,32.40298550898443,4.5,64.5,34.5,82,1
8212.0,Berufe der Montage von elektrischen und elektronischen Geräten,0.45593571576930086,17.434256952463386,27.11893720401268,4.0,55.25,29.625,82,1
8219.0,"Montageberufe, anderweitig nicht genannt",0.8872670656859097,14.852875181753205,55.87185681565036,0.0,66.0,33.0,82,1
8300.0,"Fahrzeugführer und Bediener mobiler Anlagen, onA",14.149917847189384,6.810185692186479,39.43066470086939,17.16111111111111,57.90555555555555,37.53333333333333,83,0
8311.0,Lokomotivführer,6.82535917042393,6.962221017865275,7.9861576677828054,15.2,52.4,33.8,83,1
8312.0,"Bediener von Sicherungs-, Signal- und Leittechnik im Schienennetzbetrieb",2.6607468571161994,16.14935517957278,11.40175049487074,15.0,52.0,33.5,83,1
8321.0,Motorradfahrer,0.22918337453930496,0.0,20.08263300418811,17.16111111111111,57.90555555555555,37.53333333333333,83,0
8322.0,"Personenkraftwagen-, Taxi-, Kleintransporter- und Kleinbusfahrer",15.826668388781078,8.60487370940271,43.70154343937858,30.25,78.25,54.25,83,1
8331.0,Busfahrer und Strassenbahnführer,14.052727173984376,15.681564792679268,27.956665120724153,57.0,81.0,69.0,83,1
8332.0,Fahrer schwerer Lastkraftwagen,28.061394536356424,4.119983279169475,30.80482044441125,7.0,42.0,24.5,83,1
8340.0,"Bediener mobiler Anlagen, onA",0.10529260800471678,0.0,,17.16111111111111,57.90555555555555,37.53333333333333,83,0
8341.0,Führer von mobilen land- und forstwirtschaftlichen Maschinen,0.22089104451639835,0.0,0.0,17.16111111111111,57.90555555555555,37.53333333333333,83,0
8342.0,"Führer von Erdbewegungs- und verwandten Maschinen, Strassenbau und Baumaschinen",12.397455015310095,1.6043420935139494,47.03878408974267,4.0,53.0,28.5,83,1
8343.0,"Kranführer, Aufzugmaschinisten und Bediener verwandter Hebeeinrichtungen",6.020189273049201,3.6675115277817696,48.562971794790315,8.5,54.5,31.5,83,1
8344.0,Gabelstaplerfahrer und verwandte Berufe,1.374646658567536,0.0,44.50449512728869,4.0,34.0,19.0,83,1
8350.0,Deckspersonal auf Schiffen und verwandte Berufe,0.4346841859956171,30.595477314288402,28.598329870723916,13.5,74.0,43.75,83,1
9111.0,Reinigungspersonal und Hilfskräfte in Privathaushalten,37.450541348975214,96.5571858058352,64.71668524907786,52.0,42.0,47.0,91,1
9112.0,"Reinigungspersonal und Hilfskräfte in Büros, Hotels und anderen Einrichtungen",69.05553502943926,84.33713287741833,60.33490611321426,16.0,55.0,35.5,91,1
9121.0,Handwäscher und Handbügler,1.171896732383904,88.07397850773107,70.3311127170324,4.0,35.0,19.5,91,1
9122.0,Fahrzeugreiniger,0.4108848211561587,18.271451946986232,56.46436867609955,34.25,52.25,43.25,91,0
9129.0,Sonstiges Reinigungspersonal,0.33247535206725964,42.66279522065643,,65.0,77.0,71.0,91,1
9211.0,Hilfsarbeiter im Gemüse- und Obstbau,1.144548138794079,61.4502698652618,67.9940160465955,9.0,76.0,42.5,92,0
9212.0,Hilfsarbeiter in der Tierhaltung,0.3296979028002822,67.78525546818227,39.85070380875895,9.0,76.0,42.5,92,0
9213.0,Hilfsarbeiter in Ackerbau und Tierhaltung (ohne ausgeprägten Schwerpunkt),5.730579366031905,39.40884923136508,44.68098655476444,9.0,76.0,42.5,92,0
9214.0,Hilfsarbeiter im Gartenbau,3.386476875605428,18.67075038117183,48.06474790811254,9.0,76.0,42.5,92,1
9310.0,"Hilfsarbeiter im Bergbau und im Bau, onA",0.8128455253925174,16.425913961221312,42.84878459585463,10.077380952380953,68.84523809523809,39.461309523809526,93,0
9311.0,Hilfsarbeiter im Bergbau und in der Gewinnung von Steinen und Erden,0.22825466605406367,18.07990316125435,,4.0,80.0,42.0,93,1
9312.0,Hilfsarbeiter im Tiefbau,6.9430653015314645,5.065060278508298,51.29287305434582,20.0,76.5,48.25,93,1
9313.0,Hilfsarbeiter im Hochbau,18.541203221906276,4.740365737824035,73.03389237416243,13.714285714285714,67.57142857142857,40.64285714285714,93,1
9321.0,Verpacker,1.0867070990488232,79.54173106063224,35.35989381695052,5.0,70.0,37.5,93,1
9329.0,"Hilfsarbeiter bei der Herstellung von Waren, anderweitig nicht genannt",39.028839466331185,48.79482707552468,49.617922681557886,7.25,57.25,32.25,93,1
9331.0,Führer von Handwagen und pedalbetriebenen Fahrzeugen,0.7141445371225476,13.23590933760056,10.664100002286915,10.077380952380953,68.84523809523809,39.461309523809526,93,0
9333.0,Frachtarbeiter und verwandte Berufe,12.38743815408804,24.138688509479763,48.092208022174866,10.5,61.75,36.125,93,1
9410.0,"Hilfskräfte in der Nahrungsmittelzubereitung, onA",1.321387705511978,35.38664932971133,64.98106964173208,14.5,65.5,40.0,94,0
9411.0,Zubereiter von Fast Food und anderen Imbissen,2.636039494772412,5.0752242143262265,90.13232940978044,11.0,65.0,38.0,94,1
9412.0,Hilfsköche und Küchengehilfen,19.767687192614613,49.26847540273752,69.68144102087204,18.0,66.0,42.0,94,1
9610.0,"Abfallentsorgungsarbeiter, onA",0.2791669434725517,0.0,33.075194371990094,25.375,55.125,40.25,96,0
9611.0,Arbeiter in der Abfall- und Wertstoffsammlung,0.5468233020699481,20.8024925040756,19.538044906580055,63.0,31.0,47.0,96,1
9612.0,Arbeiter in der Abfallsortierung,1.4156908059814557,10.908834309822794,22.03120406626556,25.375,55.125,40.25,96,0
9613.0,Strassenkehrer und verwandte Berufe,1.1344208295433962,3.219872715865165,33.817271636484236,25.375,55.125,40.25,96,0
9620.0,"Sonstige Hilfsarbeitskräfte, onA",0.2760561559390131,22.353263889444193,46.938929276474305,25.375,55.125,40.25,96,0
9621.0,"Boten, Paketauslieferer und Gepäckträger",5.49331352187565,40.65261419656163,31.38389373995193,10.0,78.0,44.0,96,1
9623.0,"Zählerableser, Automatenbefüller und -kassierer",0.5518139555451952,60.319301655116114,6.608884714134163,17.0,47.5,32.25,96,1
9629.0,"Hilfsarbeitskräfte, anderweitig nicht genannt",1.656549684314375,43.13304371865045,28.945043473215435,11.5,64.0,37.75,96,1
